exercice,page_imprimee,piste,mp3,source_piste,confiance,statut
1,3,1,Track 01.mp3,numero_exercice,1.0,auto
2,3,2,Track 02.mp3,numero_exercice,1.0,auto
3,3,3,Track 03.mp3,numero_exercice,1.0,auto
4,3,4,Track 04.mp3,numero_exercice,1.0,auto
5,4,5,Track 05.mp3,numero_exercice,1.0,auto
6,4,6,Track 06.mp3,numero_exercice,1.0,auto
7,4,7,Track 07.mp3,numero_exercice,1.0,auto
8,4,8,Track 08.mp3,numero_exercice,1.0,auto
9,5,9,Track 09.mp3,numero_exercice,1.0,auto
10,5,10,Track 10.mp3,pastille,1,auto
11,5,11,Track 11.mp3,pastille,1,auto
12,5,12,Track 12.mp3,pastille,1,auto
13,6,13,Track 13.mp3,pastille,1,auto
14,6,14,Track 14.mp3,pastille,1,auto
15,6,15,Track 15.mp3,pastille,1,auto
16,6,16,Track 16.mp3,pastille,1,auto
17,7,17,Track 17.mp3,pastille,1,auto
18,7,18,Track 18.mp3,numero_exercice,1.0,auto
19,7,19,Track 19.mp3,pastille,1,auto
20,7,20,Track 20.mp3,pastille,1,auto
21,8,21,Track 21.mp3,pastille,1,auto
22,8,22,Track 22.mp3,pastille,1,auto
23,8,23,Track 23.mp3,pastille,1,auto
24,8,24,Track 24.mp3,pastille,1,auto
25,9,25,Track 25.mp3,numero_exercice,1.0,auto
26,9,26,Track 26.mp3,pastille,1,auto
27,9,27,Track 27.mp3,pastille,1,auto
28,10,28,Track 28.mp3,pastille,1,auto
29,10,29,Track 29.mp3,pastille,1,auto
30,10,30,Track 30.mp3,pastille,1,auto
31,11,31,Track 31.mp3,pastille,1,auto
32,11,32,Track 32.mp3,pastille,1,auto
33,12,33,Track 33.mp3,pastille,1,auto
34,12,34,Track 34.mp3,pastille,1,auto
35,13,35,Track 35.mp3,pastille,1,auto
36,13,36,Track 36.mp3,pastille,1,auto
37,14,37,Track 37.mp3,pastille,1,auto
38,14,38,Track 38.mp3,pastille,1,auto
39,15,39,Track 39.mp3,pastille,1,auto
40,15,40,Track 40.mp3,pastille,1,auto
41,15,41,Track 41.mp3,pastille,1,auto
42,16,42,Track 42.mp3,pastille,1,auto
43,16,43,Track 43.mp3,pastille,1,auto
44,16,44,Track 44.mp3,pastille,1,auto
45,16,45,Track 45.mp3,pastille,1,auto
46,16,46,Track 46.mp3,pastille,1,auto
47,17,47,Track 47.mp3,pastille,1,auto
48,17,48,Track 48.mp3,pastille,1,auto
49,17,49,Track 49.mp3,pastille,1,auto
50,17,50,Track 50.mp3,pastille,1,auto
51,17,51,Track 51.mp3,pastille,1,auto
52,18,52,Track 52.mp3,pastille,1,auto
53,18,53,Track 53.mp3,pastille,1,auto
54,18,54,Track 54.mp3,pastille,1,auto
55,19,55,Track 55.mp3,numero_exercice,1.0,auto
56,19,56,Track 56.mp3,pastille,1,auto
57,19,57,Track 57.mp3,pastille,1,auto
58,20,58,Track 58.mp3,pastille,1,auto
59,20,59,Track 59.mp3,pastille,1,auto
60,20,60,Track 60.mp3,pastille,1,auto
61,21,61,Track 61.mp3,pastille,1,auto
62,21,62,Track 62.mp3,pastille,1,auto
63,21,63,Track 63.mp3,pastille,1,auto
64,22,64,Track 64.mp3,pastille,1,auto
65,22,65,Track 65.mp3,pastille,1,auto
66,22,66,Track 66.mp3,pastille,1,auto
67,23,67,Track 67.mp3,pastille,1,auto
68,23,68,Track 68.mp3,pastille,1,auto
69,23,69,Track 69.mp3,pastille,1,auto
70,23,70,Track 70.mp3,pastille,1,auto
71,24,71,Track 71.mp3,pastille,1,auto
72,24,72,Track 72.mp3,pastille,1,auto
73,24,73,Track 73.mp3,pastille,1,auto
74,24,74,Track 74.mp3,pastille,1,auto
75,25,75,Track 75.mp3,pastille,1,auto
76,25,76,Track 76.mp3,pastille,1,auto
77,25,77,Track 77.mp3,pastille,1,auto
78,26,78,Track 78.mp3,pastille,1,auto
79,26,79,Track 79.mp3,numero_exercice,1.0,auto
80,26,80,Track 80.mp3,pastille,1,auto
81,27,81,Track 81.mp3,pastille,1,auto
82,27,82,Track 82.mp3,pastille,1,auto
83,27,83,Track 83.mp3,pastille,1,auto
84,27,84,Track 84.mp3,numero_exercice,1.0,auto
85,28,85,Track 85.mp3,pastille,1,auto
86,28,86,Track 86.mp3,numero_exercice,1.0,auto
87,28,87,Track 87.mp3,pastille,1,auto
88,28,88,Track 88.mp3,pastille,1,auto
89,29,89,Track 89.mp3,pastille,1,auto
90,29,90,Track 90.mp3,pastille,1,auto
91,29,91,Track 91.mp3,pastille,1,auto
92,29,92,Track 92.mp3,pastille,1,auto
99,32,99,Track 99.mp3,pastille,1,auto
100,32,99,Track 99.mp3,suite (cont'd),1.0,auto
101,32,99,Track 99.mp3,suite (cont'd),1.0,auto
,,93,Track 93.mp3,aucun exercice (pages imprimées 30-31 absentes du scan),,orphelin
,,94,Track 94.mp3,aucun exercice (pages imprimées 30-31 absentes du scan),,orphelin
,,95,Track 95.mp3,aucun exercice (pages imprimées 30-31 absentes du scan),,orphelin
,,96,Track 96.mp3,aucun exercice (pages imprimées 30-31 absentes du scan),,orphelin
,,97,Track 97.mp3,aucun exercice (pages imprimées 30-31 absentes du scan),,orphelin
,,98,Track 98.mp3,aucun exercice (pages imprimées 30-31 absentes du scan),,orphelin
