exercice,page,piste,mp3,source_piste,numero_repare
2,16,,,,
10,35,,,,
11,35,,,,
12,36,,,,
13,36,,,,
14,36,,,,
15,36,,,,
16,36,,,,
17,36,,,,
18,37,,,,
20,37,,,,
21,37,,,,
22,37,,,,
23,37,,,,
24,38,,,,
25,38,,,,
26,38,,,,
27,38,,,,
28,38,,,,
29,38,,,,
30,39,,,,
31,39,,,,
32,39,,,,
33,39,,,,
34,39,,,,
35,39,,,,
36,40,,,,
37,40,,,,
38,40,,,,
39,40,,,,
40,40,,,,
41,40,,,,
42,41,,,,
43,41,,,,
44,41,,,,
45,41,,,,
46,41,,,,
47,41,,,,
48,42,,,,
49,42,,,,
50,43,,,,
52,44,,,,
53,44,,,,
54,44,,,,
55,44,,,,
56,44,,,,
57,44,,,,
58,45,,,,
59,45,,,,
60,45,,,,
61,45,,,,
62,45,,,,
63,45,,,,
68,46,,,,
72,46,,,,
76,62,,,,
77,62,,,,
78,62,,,,
79,62,,,,
80,62,,,,
81,62,,,,
82,62,,,,
83,62,,,,
84,63,,,,
85,63,,,,
86,63,,,,
87,63,,,,
88,63,,,,
89,63,,,,
90,63,,,,
91,63,,,,
92,63,,,,
93,63,,,,
94,63,,,,
95,63,,,,
96,63,,,,
97,64,,,,
98,64,,,,
99,64,,,,
100,64,,,,
101,64,,,,
102,64,,,,
103,64,,,,
104,64,,,,
105,64,,,,
106,64,,,,
107,64,,,,
108,64,,,,
109,64,,,,
110,65,,,,
111,65,,,,
112,65,,,,
113,65,,,,
114,65,,,,
115,65,,,,
116,65,,,,
117,65,,,,
118,65,,,,
119,65,,,,
120,65,,,,
121,65,,,,
122,67,,,,
123,67,1,1-01 12_8 Blues And R&B - 123 Pg.67.mp3,lue,
124,67,1,1-01 12_8 Blues And R&B - 123 Pg.67.mp3,lue,
125,67,,,,
126,67,2,1-02 12_8 Blues And R&B - 126 Pg.67.mp3,deduite_par_sequence,
127,68,,,,
128,68,2,1-02 12_8 Blues And R&B - 126 Pg.67.mp3,deduite_par_sequence,interpolation
129,68,,,,
130,68,3,1-03 12_8 Blues And R&B - 130 Pg.68.mp3,deduite_par_sequence,
131,68,,,,
132,68,3,1-03 12_8 Blues And R&B - 130 Pg.68.mp3,lue,
133,68,,,,suffixe
135,69,4,1-04 12_8 Blues And R&B - 133 Pg.69.mp3,lue,
136,69,5,1-05 4_4 Blues And R&B - 136 Pg.69.mp3,deduite_par_sequence,
137,69,5,1-05 4_4 Blues And R&B - 136 Pg.69.mp3,deduite_par_sequence,interpolation
138,70,6,1-06 4_4 Blues And R&B - 138 Pg.70.mp3,deduite_par_sequence,
139,70,,,,
140,70,6,1-06 4_4 Blues And R&B - 138 Pg.70.mp3,lue,
141,70,,,,
142,70,,,,
143,70,,,,
144,71,,,,
145,71,7,1-07 4_4 Blues And R&B - 145 Pg.71.mp3,lue,
146,71,,,,
147,71,7,1-07 4_4 Blues And R&B - 145 Pg.71.mp3,lue,
148,71,8,1-08 4_4 Blues And R&B - 148 Pg.71.mp3,lue,
149,71,,,,
150,72,8,1-08 4_4 Blues And R&B - 148 Pg.71.mp3,lue,
151,72,,,,
152,72,,,,
153,72,,,,
154,73,9,1-09 Soul - 154 Pg.73.mp3,lue,
155,73,9,1-09 Soul - 154 Pg.73.mp3,lue,
156,74,10,1-10 Soul - 156 Pg.74.mp3,lue,
157,74,10,1-10 Soul - 156 Pg.74.mp3,lue,
158,74,,,,
159,74,,,,
160,74,11,1-11 Soul - 160 Pg.74.mp3,deduite_par_sequence,
161,74,11,1-11 Soul - 160 Pg.74.mp3,deduite_par_sequence,
162,75,,,,
163,75,,,,
164,75,,,,
165,75,,,,
166,75,,,,
167,75,,,,
168,76,12,1-12 Soul - 168 Pg.76.mp3,lue,
169,76,,,,
170,76,,,,
171,76,,,,
172,76,,,,
173,77,,,,
174,77,12,1-12 Soul - 168 Pg.76.mp3,lue,
175,77,,,,
176,77,,,,
177,77,,,,
178,77,,,,
179,78,,,,
180,78,,,,
181,78,,,,
182,79,,,,
183,79,13,1-13 James Jamerson _ Motown - 183 Pg.79.mp3,deduite_par_sequence,
184,80,,,,
185,80,,,,
186,80,,,,
187,80,13,1-13 James Jamerson _ Motown - 183 Pg.79.mp3,deduite_par_sequence,
188,80,,,,
189,81,14,1-14 James Jamerson _ Motown - 191 Pg.81.mp3,lue,
190,81,,,,
191,81,14,1-14 James Jamerson _ Motown - 191 Pg.81.mp3,lue,
192,81,,,,
193,81,,,,
194,82,15,1-15 James Jamerson _ Motown - 194 Pg.82.mp3,deduite_par_sequence,
195,82,,,,
196,82,,,,
197,82,15,1-15 James Jamerson _ Motown - 194 Pg.82.mp3,deduite_par_sequence,
198,82,16,1-16 James Jamerson _ Motown - 198 Pg.82.mp3,lue,
199,83,,,,
200,83,16,1-16 James Jamerson _ Motown - 198 Pg.82.mp3,deduite_par_sequence,
201,83,,,,
202,83,,,,
203,84,,,,
204,84,,,,
205,84,,,,
206,84,,,,
207,84,,,,
208,84,,,,
209,85,,,,
210,85,,,,
211,85,,,,
212,85,,,,
213,85,,,,
214,86,,,,
215,86,17,1-17 Chuck Rainey _ Atlantic - 215 Pg.86.mp3,deduite_par_sequence,
216,87,,,,
217,87,,,,
218,87,,,,
219,87,17,1-17 Chuck Rainey _ Atlantic - 215 Pg.86.mp3,lue,
220,87,18,1-18 Chuck Rainey _ Atlantic - 220 Pg.87.mp3,lue,
221,87,18,1-18 Chuck Rainey _ Atlantic - 220 Pg.87.mp3,deduite_par_sequence,
222,88,,,,
223,88,19,1-19 Chuck Rainey _ Atlantic - 223 Pg.88.mp3,deduite_par_sequence,
224,88,19,1-19 Chuck Rainey _ Atlantic - 223 Pg.88.mp3,lue,
225,88,,,,
226,88,,,,
227,88,20,1-20 Chuck Rainey _ Atlantic - 227 Pg.88.mp3,deduite_par_sequence,
228,89,,,,
229,89,20,1-20 Chuck Rainey _ Atlantic - 227 Pg.88.mp3,lue,
230,91,21,1-21 James Brown _ Funk - 230 Pg.91.mp3,lue,interpolation
231,91,,,,
232,91,21,1-21 James Brown _ Funk - 230 Pg.91.mp3,lue,
233,91,,,,
234,91,,,,
235,91,,,,
236,92,,,,
237,92,22,1-22 James Brown _ Funk - 237 Pg.92.mp3,deduite_par_sequence,
238,92,,,,
239,92,,,,
240,92,22,1-22 James Brown _ Funk - 237 Pg.92.mp3,lue,
241,93,,,,
242,93,,,,
243,93,,,,
244,93,,,,
245,93,,,,
246,93,,,,
247,94,,,,
248,94,,,,
249,94,,,,
250,94,,,,
251,94,23,1-23 James Brown _ Funk - 251 Pg.94.mp3,lue,
252,94,,,,
253,95,23,1-23 James Brown _ Funk - 251 Pg.94.mp3,lue,
254,95,,,,
255,95,24,1-24 James Brown _ Funk - 255 Pg.95.mp3,lue,
256,95,,,,
257,95,24,1-24 James Brown _ Funk - 255 Pg.95.mp3,lue,
258,96,25,1-25 Stanley Clarke - 258 Pg.96.mp3,lue,
260,97,26,1-26 Stanley Clarke - 260 Pg.97.mp3,lue,
261,97,26,1-26 Stanley Clarke - 260 Pg.97.mp3,lue,
262,98,27,1-27 Stanley Clarke - 262 Pg.98.mp3,lue,
263,98,27,1-27 Stanley Clarke - 262 Pg.98.mp3,lue,
264,98,28,1-28 Stanley Clarke - 264 Pg.98.mp3,lue,
265,98,28,1-28 Stanley Clarke - 264 Pg.98.mp3,deduite_par_sequence,
266,101,29,1-29 Rock - 266 Pg.101.mp3,lue,
267,101,,,,
268,101,,,,
269,101,,,,
270,101,,,,
271,101,29,1-29 Rock - 266 Pg.101.mp3,lue,
272,102,,,,
273,102,,,,
274,102,30,1-30 Rock - 274 Pg.102.mp3,lue,
275,102,,,,
276,102,,,,
277,102,,,,
278,103,30,1-30 Rock - 274 Pg.102.mp3,lue,
279,103,,,,
280,103,,,,
281,103,,,,
282,103,,,,
283,103,31,1-31 Rock - 283 Pg.103.mp3,deduite_par_sequence,
284,104,31,1-31 Rock - 283 Pg.103.mp3,lue,
285,104,,,,
286,104,,,,
287,104,,,,
288,104,,,,
289,104,,,,
290,105,32,1-32 Rock - 290 Pg.105.mp3,lue,
291,105,32,1-32 Rock - 290 Pg.105.mp3,lue,
292,105,33,1-33 Rock - 292 Pg.105.mp3,lue,
293,105,33,1-33 Rock - 292 Pg.105.mp3,lue,
294,105,,,,
295,105,,,,
296,106,,,,
297,106,,,,
298,106,,,,
299,106,34,1-34 Rock - 299 Pg.106.mp3,lue,
300,106,,,,
301,106,,,,
302,107,,,,
303,107,,,,
304,107,,,,
305,107,34,1-34 Rock - 299 Pg.106.mp3,lue,
306,107,,,,
307,107,,,,
308,108,,,,
309,108,,,,
310,108,,,,
311,108,,,,
312,108,,,,
313,109,,,,
314,109,35,1-35 Rock - 314 Pg.109.mp3,lue,
315,109,,,,
316,109,35,1-35 Rock - 314 Pg.109.mp3,lue,
317,109,,,,
318,109,,,,
319,110,,,,
320,110,36,1-36 Rock - 320 Pg.110.mp3,lue,
321,110,,,,
322,110,,,,
323,110,,,,
324,110,,,,
325,111,,,,
326,111,36,1-36 Rock - 320 Pg.110.mp3,lue,
327,111,,,,
328,111,,,,
330,111,,,,
331,112,37,1-37 Rock - 331 Pg.112.mp3,deduite_par_sequence,
332,112,,,,
333,112,,,,
334,112,,,,
335,112,37,1-37 Rock - 331 Pg.112.mp3,lue,
336,112,,,,
337,113,38,1-38 Rock - 337 Pg.113.mp3,lue,
338,113,,,,
339,113,,,,
340,113,,,,
341,113,38,1-38 Rock - 337 Pg.113.mp3,lue,
342,113,39,1-39 Rock - 342 Pg.113.mp3,lue,
343,114,,,,
344,114,,,,
345,114,39,1-39 Rock - 342 Pg.113.mp3,lue,
346,114,40,1-40 Rock - 346 Pg.114.mp3,lue,
347,114,,,,
348,114,41,1-41 Latin Riffs - 400 Pg.127.mp3,deduite_par_sequence,
349,118,,,,
350,118,,,,
351,118,,,,
352,118,,,,interpolation
353,118,,,,
354,118,,,,
355,119,,,,
356,119,,,,
357,119,,,,
358,119,,,,
359,119,,,,
360,119,,,,
361,120,,,,
362,120,,,,
363,120,,,,
364,120,,,,
365,120,,,,
366,120,,,,
367,121,,,,
368,121,,,,
369,121,,,,
370,121,,,,
371,121,,,,
372,121,,,,
373,122,,,,
374,122,,,,
375,122,,,,
376,122,,,,
377,122,,,,
378,122,,,,
379,123,,,,
380,123,,,,
381,123,,,,
382,123,,,,
383,123,,,,
384,123,,,,
385,124,,,,
386,124,,,,
387,124,,,,
388,124,,,,
389,124,,,,
390,124,,,,
391,125,,,,
392,125,,,,
393,125,,,,
394,125,,,,
395,125,,,,
396,125,,,,
397,126,,,,
398,126,,,,
399,126,,,,
400,127,41,1-41 Latin Riffs - 400 Pg.127.mp3,lue,
401,127,41,1-41 Latin Riffs - 400 Pg.127.mp3,lue,
402,127,42,1-42 Latin Riffs - 402 Pg.127.mp3,lue,
403,127,,,,
404,128,42,1-42 Latin Riffs - 402 Pg.127.mp3,lue,suffixe
405,128,42,1-42 Latin Riffs - 402 Pg.127.mp3,deduite_par_sequence,
406,128,,,,
407,128,43,1-43 Latin Riffs - 405 Pg.128.mp3,deduite_par_sequence,
408,128,,,,
409,128,44,1-44 Latin Riffs - 409 Pg.128.mp3,lue,
410,129,,,,
411,129,44,1-44 Latin Riffs - 409 Pg.128.mp3,deduite_par_sequence,interpolation
412,129,,,,
413,129,,,,
414,129,,,,
416,130,45,1-45 Latin Riffs - 416 Pg.130.mp3,deduite_par_sequence,
417,130,,,,
418,130,45,1-45 Latin Riffs - 416 Pg.130.mp3,deduite_par_sequence,
419,130,46,1-46 Latin Riffs - 419 Pg.130.mp3,lue,
420,130,46,1-46 Latin Riffs - 419 Pg.130.mp3,deduite_par_sequence,
421,130,47,1-47 Latin Riffs - 421 Pg.130.mp3,deduite_par_sequence,
422,131,47,1-47 Latin Riffs - 421 Pg.130.mp3,deduite_par_sequence,
423,131,,,,
424,131,,,,
425,131,48,1-48 Latin Riffs - 425 Pg.131.mp3,deduite_par_sequence,
426,131,48,1-48 Latin Riffs - 425 Pg.131.mp3,lue,
427,131,,,,
428,132,,,,
429,132,,,,
430,132,49,1-49 Latin Riffs - 430 Pg.132.mp3,lue,
431,132,,,,
432,132,49,1-49 Latin Riffs - 430 Pg.132.mp3,lue,
433,132,,,,
434,133,,,,
435,133,,,,
436,133,50,1-50 Latin Riffs - 436 Pg.133.mp3,lue,
437,133,,,,
438,133,,,,
439,133,50,1-50 Latin Riffs - 436 Pg.133.mp3,lue,
440,134,,,,
442,134,51,1-51 Latin Riffs - 442 Pg.134.mp3,deduite_par_sequence,
443,134,51,1-51 Latin Riffs - 442 Pg.134.mp3,lue,
444,134,,,,
445,134,52,1-52 Latin Riffs - 445 Pg.134.mp3,lue,
446,135,52,1-52 Latin Riffs - 445 Pg.134.mp3,lue,interpolation
447,135,,,,
448,135,,,,
449,136,,,,
450,136,,,,
451,136,,,,
452,136,,,,
453,137,,,,
454,137,,,,
455,137,,,,
456,137,,,,
457,137,,,,
458,137,,,,
459,138,,,,
460,138,,,,
461,139,,,,
462,139,,,,
463,139,,,,
464,139,,,,
465,140,,,,
466,140,,,,
467,140,,,,
468,140,,,,
469,140,,,,
470,140,,,,
471,141,,,,
472,141,,,,
473,141,,,,
474,141,,,,
475,141,,,,
476,141,,,,
477,142,,,,
478,142,,,,
479,142,,,,
480,142,,,,
481,143,,,,
482,143,53,1-53 Cuban Mambo - 482 Pg.143.mp3,deduite_par_sequence,
483,143,,,,
484,144,,,,
485,144,,,,
486,144,53,1-53 Cuban Mambo - 482 Pg.143.mp3,lue,
487,144,,,,
488,144,54,1-54 Cuban Mambo - 488 Pg.144.mp3,deduite_par_sequence,
489,144,54,1-54 Cuban Mambo - 488 Pg.144.mp3,lue,
490,145,,,,
491,145,55,1-55 Cuban Mambo - 491 Pg.145.mp3,lue,
492,145,,,,
493,145,,,,
494,145,,,,
495,145,,,,
496,146,,,,
497,146,,,,
498,146,55,1-55 Cuban Mambo - 491 Pg.145.mp3,lue,interpolation
499,146,,,,
500,146,,,,
501,146,,,,
502,147,,,,
503,147,,,,
504,147,,,,
505,147,56,1-56 Cuban Mambo - 505 Pg.147.mp3,lue,
507,147,,,,
508,148,56,1-56 Cuban Mambo - 505 Pg.147.mp3,lue,
510,148,,,,
514,149,,,,
515,150,,,,
516,150,,,,
517,150,58,1-58 Cuban Rock - 517 Pg.150.mp3,lue,
518,150,58,1-58 Cuban Rock - 517 Pg.150.mp3,lue,
520,150,59,1-59 Cuban Rock - 520 Pg.150.mp3,lue,
521,151,,,,
522,151,,,,
523,151,,,,
524,151,,,,
525,151,,,,
528,152,,,,
529,152,,,,
530,152,,,,
531,152,,,,
532,152,,,,
533,153,60,1-60 Cuban Rock - 533 Pg.153.mp3,deduite_par_sequence,
534,153,,,,
535,153,,,,
536,153,60,1-60 Cuban Rock - 533 Pg.153.mp3,lue,
537,154,,,,
538,155,61,1-61 Jamaican Reggae - 538 Pg.155.mp3,lue,
539,155,,,,
540,155,,,,
542,156,61,1-61 Jamaican Reggae - 538 Pg.155.mp3,lue,
543,156,,,,
544,156,,,,
545,156,62,1-62 Jamaican Reggae - 545 Pg.156.mp3,lue,
546,156,,,,
547,157,,,,
548,157,,,,
549,157,,,,
550,157,62,1-62 Jamaican Reggae - 545 Pg.156.mp3,deduite_par_sequence,
551,158,63,1-63 Jamaican Reggae - 551 Pg.158.mp3,lue,
553,158,,,,
554,158,,,,
555,158,,,,
556,158,,,,
557,159,,,,
558,159,,,,
559,159,,,,
560,159,63,1-63 Jamaican Reggae - 551 Pg.158.mp3,deduite_par_sequence,
562,160,,,,
563,160,,,,
564,160,64,1-64 Jamaican Reggae - 564 Pg.160.mp3,lue,
565,161,,,,
566,161,,,,
568,161,,,,
569,162,64,1-64 Jamaican Reggae - 564 Pg.160.mp3,lue,
570,162,,,,
571,162,,,,
573,163,65,1-65 Jamaican Reggae - 573 Pg.163.mp3,lue,
574,163,,,,
575,163,,,,
576,163,65,1-65 Jamaican Reggae - 573 Pg.163.mp3,lue,
577,164,66,1-66 Jamaican Reggae - 577 Pg.164.mp3,lue,
578,164,,,,
579,164,,,,
580,164,66,1-66 Jamaican Reggae - 577 Pg.164.mp3,lue,
581,164,67,1-67 Jamaican Reggae - 581 Pg.164.mp3,lue,
582,164,67,1-67 Jamaican Reggae - 581 Pg.164.mp3,lue,
583,165,,,,
584,165,68,1-68 Jamaican Reggae - 584 Pg.165.mp3,lue,
585,165,68,1-68 Jamaican Reggae - 584 Pg.165.mp3,lue,
586,166,69,1-69 Jamaican Reggae - 586 Pg.166.mp3,deduite_par_sequence,
587,166,69,1-69 Jamaican Reggae - 586 Pg.166.mp3,lue,
588,166,,,,
589,166,70,1-70 Jamaican Reggae - 589 Pg.166.mp3,deduite_par_sequence,
590,166,70,1-70 Jamaican Reggae - 589 Pg.166.mp3,deduite_par_sequence,
591,167,71,1-71 Jamaican Reggae - 591 Pg.167.mp3,deduite_par_sequence,
592,167,71,1-71 Jamaican Reggae - 591 Pg.167.mp3,deduite_par_sequence,
593,167,72,1-72 Jamaican Reggae - 593 Pg.167.mp3,lue,
594,167,,,,
595,167,72,1-72 Jamaican Reggae - 593 Pg.167.mp3,lue,
596,168,73,1-73 Jamaican Reggae - 596 Pg.168.mp3,lue,
597,168,73,1-73 Jamaican Reggae - 596 Pg.168.mp3,lue,
599,168,74,1-74 Jamaican Reggae - 598 Pg.168.mp3,lue,
601,168,75,1-75 Jamaican Reggae - 600 Pg.168.mp3,deduite_par_sequence,
602,169,,,,
603,169,76,1-76 Jamaican Reggae - 603 Pg.169.mp3,deduite_par_sequence,
604,169,76,1-76 Jamaican Reggae - 603 Pg.169.mp3,lue,
605,170,,,,
606,170,,,,
607,170,,,,
608,171,,,,
609,171,,,,
610,171,,,,
611,171,,,,
612,171,,,,
613,171,,,,
614,172,,,,
615,172,,,,
616,172,,,,
617,173,,,,
618,173,,,,
619,173,,,,
620,173,77,1-77 Brazilian Samba - 620 Pg.173.mp3,lue,
621,173,,,,
622,173,77,1-77 Brazilian Samba - 620 Pg.173.mp3,deduite_par_sequence,
623,174,,,,
624,174,78,1-78 Brazilian Samba - 624 Pg.174.mp3,lue,
625,174,78,1-78 Brazilian Samba - 624 Pg.174.mp3,lue,
626,174,79,1-79 Brazilian Samba - 626 Pg.174.mp3,lue,
627,174,79,1-79 Brazilian Samba - 626 Pg.174.mp3,lue,
628,174,,,,
629,175,80,1-80 Brazilian Samba - 629 Pg.175.mp3,deduite_par_sequence,
630,175,,,,
631,175,80,1-80 Brazilian Samba - 629 Pg.175.mp3,deduite_par_sequence,
632,175,,,,
633,175,,,,
634,176,,,,
635,176,,,,
636,176,,,,
637,176,,,,
638,176,,,,
639,177,,,,
640,177,,,,
641,177,,,,
642,177,,,,
643,177,,,,
644,178,,,,
645,178,,,,
646,178,,,,
647,181,81,1-81 African Riffs - 647 Pg.181.mp3,deduite_par_sequence,
648,181,,,,
649,181,,,,
650,181,81,1-81 African Riffs - 647 Pg.181.mp3,deduite_par_sequence,
651,181,,,,
652,182,,,,
653,182,,,,
654,182,,,,
655,182,82,1-82 African Riffs - 655 Pg.182.mp3,deduite_par_sequence,
656,182,,,,
657,183,,,,
658,183,,,,
659,183,,,,
660,183,82,1-82 African Riffs - 655 Pg.182.mp3,lue,
661,184,,,,
662,184,,,,
663,184,,,,
664,184,,,,
665,184,,,,
666,185,,,,
667,185,83,1-83 African Riffs - 667 Pg.185.mp3,lue,
668,185,,,,
669,185,,,,
670,186,83,1-83 African Riffs - 667 Pg.185.mp3,deduite_par_sequence,
671,186,,,,
672,186,,,,
673,186,,,,
674,186,,,,
675,186,,,,
676,187,,,,
677,187,,,,
678,187,,,,
679,187,,,,
680,187,,,,
681,188,,,,
682,188,,,,
683,188,,,,
684,188,,,,
685,189,,,,
686,189,84,1-84 African Riffs - 686 Pg.189.mp3,deduite_par_sequence,
687,189,,,,
688,189,,,,
689,189,84,1-84 African Riffs - 686 Pg.189.mp3,lue,
690,190,,,,
691,190,,,,
692,190,,,,
693,190,,,,
694,191,,,,
695,191,,,,
696,191,,,,
697,191,85,1-85 North Africa _ Middle East - 697 Pg.191.mp3,lue,
698,191,85,1-85 North Africa _ Middle East - 697 Pg.191.mp3,deduite_par_sequence,
699,192,86,1-86 North Africa _ Middle East - 699 Pg.192.mp3,lue,
700,192,86,1-86 North Africa _ Middle East - 699 Pg.192.mp3,deduite_par_sequence,
701,192,87,1-87 North Africa _ Middle East - 701 Pg.192.mp3,deduite_par_sequence,
702,192,87,1-87 North Africa _ Middle East - 701 Pg.192.mp3,lue,
703,192,88,1-88 North Africa _ Middle East - 703 Pg.192.mp3,deduite_par_sequence,
704,193,89,1-89 Somalia - 706 Pg.194.mp3,deduite_par_sequence,
705,194,,,,
706,194,89,1-89 Somalia - 706 Pg.194.mp3,lue,
707,194,89,1-89 Somalia - 706 Pg.194.mp3,lue,
708,194,,,,
709,195,90,1-90 Somalia - 709 Pg.195.mp3,deduite_par_sequence,
710,195,,,,
711,195,,,,
712,195,91,1-91 Somalia - 713 Pg.195.mp3,deduite_par_sequence,interpolation
713,195,91,1-91 Somalia - 713 Pg.195.mp3,lue,
714,196,91,1-91 Somalia - 713 Pg.195.mp3,deduite_par_sequence,
715,196,92,1-92 Somalia - 715 Pg.196.mp3,lue,
716,196,,,,
717,196,92,1-92 Somalia - 715 Pg.196.mp3,deduite_par_sequence,
718,197,92,1-92 Somalia - 715 Pg.196.mp3,deduite_par_sequence,
719,197,,,,
720,197,,,,
721,197,,,,
722,198,,,,
723,198,,,,
724,198,,,,
725,198,,,,
726,198,92,1-92 Somalia - 715 Pg.196.mp3,deduite_par_sequence,
727,198,,,,
728,199,92,1-92 Somalia - 715 Pg.196.mp3,deduite_par_sequence,
729,199,,,,
730,199,,,,
731,199,,,,
732,199,,,,
733,200,,,,
734,200,,,,
735,200,,,,
736,200,,,,
737,200,,,,
738,200,,,,
